version,name,parent,type,id
bitcoin-wallet-7.07-prod,wallet,null,package,bitcoin-wallet-7.07-prod:wallet
bitcoin-wallet-7.07-prod,wallet.data,wallet,package,bitcoin-wallet-7.07-prod:wallet.data
bitcoin-wallet-7.07-prod,wallet.integration,wallet,package,bitcoin-wallet-7.07-prod:wallet.integration
bitcoin-wallet-7.07-prod,wallet.integration.android,wallet.integration,package,bitcoin-wallet-7.07-prod:wallet.integration.android
bitcoin-wallet-7.07-prod,wallet.integration.sample,wallet.integration,package,bitcoin-wallet-7.07-prod:wallet.integration.sample
bitcoin-wallet-7.07-prod,wallet.offline,wallet,package,bitcoin-wallet-7.07-prod:wallet.offline
bitcoin-wallet-7.07-prod,wallet.service,wallet,package,bitcoin-wallet-7.07-prod:wallet.service
bitcoin-wallet-7.07-prod,wallet.ui,wallet,package,bitcoin-wallet-7.07-prod:wallet.ui
bitcoin-wallet-7.07-prod,wallet.ui.backup,wallet.ui,package,bitcoin-wallet-7.07-prod:wallet.ui.backup
bitcoin-wallet-7.07-prod,wallet.ui.monitor,wallet.ui,package,bitcoin-wallet-7.07-prod:wallet.ui.monitor
bitcoin-wallet-7.07-prod,wallet.ui.preference,wallet.ui,package,bitcoin-wallet-7.07-prod:wallet.ui.preference
bitcoin-wallet-7.07-prod,wallet.ui.scan,wallet.ui,package,bitcoin-wallet-7.07-prod:wallet.ui.scan
bitcoin-wallet-7.07-prod,wallet.ui.send,wallet.ui,package,bitcoin-wallet-7.07-prod:wallet.ui.send
bitcoin-wallet-7.07-prod,wallet.util,wallet,package,bitcoin-wallet-7.07-prod:wallet.util
bitcoin-wallet-7.07-prod,Configuration,wallet,class,bitcoin-wallet-7.07-prod:Configuration
bitcoin-wallet-7.07-prod,Constants,wallet,class,bitcoin-wallet-7.07-prod:Constants
bitcoin-wallet-7.07-prod,Constants$Files,wallet,class,bitcoin-wallet-7.07-prod:Constants$Files
bitcoin-wallet-7.07-prod,Logging,wallet,class,bitcoin-wallet-7.07-prod:Logging
bitcoin-wallet-7.07-prod,WalletApplication,wallet,class,bitcoin-wallet-7.07-prod:WalletApplication
bitcoin-wallet-7.07-prod,WalletApplication$OnWalletLoadedListener,wallet,class,bitcoin-wallet-7.07-prod:WalletApplication$OnWalletLoadedListener
bitcoin-wallet-7.07-prod,WalletBalanceWidgetProvider,wallet,class,bitcoin-wallet-7.07-prod:WalletBalanceWidgetProvider
bitcoin-wallet-7.07-prod,AbstractWalletLiveData,wallet.data,class,bitcoin-wallet-7.07-prod:AbstractWalletLiveData
bitcoin-wallet-7.07-prod,AddressBookDao,wallet.data,class,bitcoin-wallet-7.07-prod:AddressBookDao
bitcoin-wallet-7.07-prod,AddressBookEntry,wallet.data,class,bitcoin-wallet-7.07-prod:AddressBookEntry
bitcoin-wallet-7.07-prod,AppDatabase,wallet.data,class,bitcoin-wallet-7.07-prod:AppDatabase
bitcoin-wallet-7.07-prod,BlockchainStateLiveData,wallet.data,class,bitcoin-wallet-7.07-prod:BlockchainStateLiveData
bitcoin-wallet-7.07-prod,ConfigFormatLiveData,wallet.data,class,bitcoin-wallet-7.07-prod:ConfigFormatLiveData
bitcoin-wallet-7.07-prod,ConfigOwnNameLiveData,wallet.data,class,bitcoin-wallet-7.07-prod:ConfigOwnNameLiveData
bitcoin-wallet-7.07-prod,DynamicFeeLiveData,wallet.data,class,bitcoin-wallet-7.07-prod:DynamicFeeLiveData
bitcoin-wallet-7.07-prod,ExchangeRate,wallet.data,class,bitcoin-wallet-7.07-prod:ExchangeRate
bitcoin-wallet-7.07-prod,ExchangeRatesProvider,wallet.data,class,bitcoin-wallet-7.07-prod:ExchangeRatesProvider
bitcoin-wallet-7.07-prod,PaymentIntent,wallet.data,class,bitcoin-wallet-7.07-prod:PaymentIntent
bitcoin-wallet-7.07-prod,PaymentIntent$Output,wallet.data,class,bitcoin-wallet-7.07-prod:PaymentIntent$Output
bitcoin-wallet-7.07-prod,PaymentIntent$Standard,wallet.data,class,bitcoin-wallet-7.07-prod:PaymentIntent$Standard
bitcoin-wallet-7.07-prod,SelectedExchangeRateLiveData,wallet.data,class,bitcoin-wallet-7.07-prod:SelectedExchangeRateLiveData
bitcoin-wallet-7.07-prod,ThrottelingLiveData,wallet.data,class,bitcoin-wallet-7.07-prod:ThrottelingLiveData
bitcoin-wallet-7.07-prod,TimeLiveData,wallet.data,class,bitcoin-wallet-7.07-prod:TimeLiveData
bitcoin-wallet-7.07-prod,WalletBalanceLiveData,wallet.data,class,bitcoin-wallet-7.07-prod:WalletBalanceLiveData
bitcoin-wallet-7.07-prod,WalletBalanceLiveData$WalletListener,wallet.data,class,bitcoin-wallet-7.07-prod:WalletBalanceLiveData$WalletListener
bitcoin-wallet-7.07-prod,WalletLiveData,wallet.data,class,bitcoin-wallet-7.07-prod:WalletLiveData
bitcoin-wallet-7.07-prod,BitcoinIntegration,wallet.integration.android,class,bitcoin-wallet-7.07-prod:BitcoinIntegration
bitcoin-wallet-7.07-prod,SampleActivity,wallet.integration.sample,class,bitcoin-wallet-7.07-prod:SampleActivity
bitcoin-wallet-7.07-prod,AcceptBluetoothService,wallet.offline,class,bitcoin-wallet-7.07-prod:AcceptBluetoothService
bitcoin-wallet-7.07-prod,AcceptBluetoothThread,wallet.offline,class,bitcoin-wallet-7.07-prod:AcceptBluetoothThread
bitcoin-wallet-7.07-prod,AcceptBluetoothThread$ClassicBluetoothThread,wallet.offline,class,bitcoin-wallet-7.07-prod:AcceptBluetoothThread$ClassicBluetoothThread
bitcoin-wallet-7.07-prod,AcceptBluetoothThread$PaymentProtocolThread,wallet.offline,class,bitcoin-wallet-7.07-prod:AcceptBluetoothThread$PaymentProtocolThread
bitcoin-wallet-7.07-prod,DirectPaymentTask,wallet.offline,class,bitcoin-wallet-7.07-prod:DirectPaymentTask
bitcoin-wallet-7.07-prod,DirectPaymentTask$BluetoothPaymentTask,wallet.offline,class,bitcoin-wallet-7.07-prod:DirectPaymentTask$BluetoothPaymentTask
bitcoin-wallet-7.07-prod,DirectPaymentTask$HttpPaymentTask,wallet.offline,class,bitcoin-wallet-7.07-prod:DirectPaymentTask$HttpPaymentTask
bitcoin-wallet-7.07-prod,DirectPaymentTask$ResultCallback,wallet.offline,class,bitcoin-wallet-7.07-prod:DirectPaymentTask$ResultCallback
bitcoin-wallet-7.07-prod,BlockchainService,wallet.service,class,bitcoin-wallet-7.07-prod:BlockchainService
bitcoin-wallet-7.07-prod,BlockchainService$ImpedimentsLiveData,wallet.service,class,bitcoin-wallet-7.07-prod:BlockchainService$ImpedimentsLiveData
bitcoin-wallet-7.07-prod,BlockchainService$LocalBinder,wallet.service,class,bitcoin-wallet-7.07-prod:BlockchainService$LocalBinder
bitcoin-wallet-7.07-prod,BlockchainService$NewTransactionLiveData,wallet.service,class,bitcoin-wallet-7.07-prod:BlockchainService$NewTransactionLiveData
bitcoin-wallet-7.07-prod,BlockchainService$PeerConnectivityListener,wallet.service,class,bitcoin-wallet-7.07-prod:BlockchainService$PeerConnectivityListener
bitcoin-wallet-7.07-prod,BlockchainState,wallet.service,class,bitcoin-wallet-7.07-prod:BlockchainState
bitcoin-wallet-7.07-prod,BlockchainState$Impediment,wallet.service,class,bitcoin-wallet-7.07-prod:BlockchainState$Impediment
bitcoin-wallet-7.07-prod,BootstrapReceiver,wallet.service,class,bitcoin-wallet-7.07-prod:BootstrapReceiver
bitcoin-wallet-7.07-prod,InactivityNotificationService,wallet.service,class,bitcoin-wallet-7.07-prod:InactivityNotificationService
bitcoin-wallet-7.07-prod,UpgradeWalletService,wallet.service,class,bitcoin-wallet-7.07-prod:UpgradeWalletService
bitcoin-wallet-7.07-prod,AbstractWalletActivity,wallet.ui,class,bitcoin-wallet-7.07-prod:AbstractWalletActivity
bitcoin-wallet-7.07-prod,AddressAndLabel,wallet.ui,class,bitcoin-wallet-7.07-prod:AddressAndLabel
bitcoin-wallet-7.07-prod,AddressBookActivity,wallet.ui,class,bitcoin-wallet-7.07-prod:AddressBookActivity
bitcoin-wallet-7.07-prod,AddressBookActivity$TwoFragmentAdapter,wallet.ui,class,bitcoin-wallet-7.07-prod:AddressBookActivity$TwoFragmentAdapter
bitcoin-wallet-7.07-prod,AlertDialogsFragment,wallet.ui,class,bitcoin-wallet-7.07-prod:AlertDialogsFragment
bitcoin-wallet-7.07-prod,BitmapFragment,wallet.ui,class,bitcoin-wallet-7.07-prod:BitmapFragment
bitcoin-wallet-7.07-prod,CircularProgressView,wallet.ui,class,bitcoin-wallet-7.07-prod:CircularProgressView
bitcoin-wallet-7.07-prod,CurrencyAmountView,wallet.ui,class,bitcoin-wallet-7.07-prod:CurrencyAmountView
bitcoin-wallet-7.07-prod,CurrencyAmountView$Listener,wallet.ui,class,bitcoin-wallet-7.07-prod:CurrencyAmountView$Listener
bitcoin-wallet-7.07-prod,CurrencyAmountView$TextViewListener,wallet.ui,class,bitcoin-wallet-7.07-prod:CurrencyAmountView$TextViewListener
bitcoin-wallet-7.07-prod,CurrencyCalculatorLink,wallet.ui,class,bitcoin-wallet-7.07-prod:CurrencyCalculatorLink
bitcoin-wallet-7.07-prod,CurrencySymbolDrawable,wallet.ui,class,bitcoin-wallet-7.07-prod:CurrencySymbolDrawable
bitcoin-wallet-7.07-prod,CurrencyTextView,wallet.ui,class,bitcoin-wallet-7.07-prod:CurrencyTextView
bitcoin-wallet-7.07-prod,DialogBuilder,wallet.ui,class,bitcoin-wallet-7.07-prod:DialogBuilder
bitcoin-wallet-7.07-prod,DividerItemDecoration,wallet.ui,class,bitcoin-wallet-7.07-prod:DividerItemDecoration
bitcoin-wallet-7.07-prod,EditAddressBookEntryFragment,wallet.ui,class,bitcoin-wallet-7.07-prod:EditAddressBookEntryFragment
bitcoin-wallet-7.07-prod,EncryptKeysDialogFragment,wallet.ui,class,bitcoin-wallet-7.07-prod:EncryptKeysDialogFragment
bitcoin-wallet-7.07-prod,EncryptKeysDialogFragment$State,wallet.ui,class,bitcoin-wallet-7.07-prod:EncryptKeysDialogFragment$State
bitcoin-wallet-7.07-prod,Event,wallet.ui,class,bitcoin-wallet-7.07-prod:Event
bitcoin-wallet-7.07-prod,Event$Observer,wallet.ui,class,bitcoin-wallet-7.07-prod:Event$Observer
bitcoin-wallet-7.07-prod,ExchangeRatesActivity,wallet.ui,class,bitcoin-wallet-7.07-prod:ExchangeRatesActivity
bitcoin-wallet-7.07-prod,ExchangeRatesAdapter,wallet.ui,class,bitcoin-wallet-7.07-prod:ExchangeRatesAdapter
bitcoin-wallet-7.07-prod,ExchangeRatesAdapter$ListItem,wallet.ui,class,bitcoin-wallet-7.07-prod:ExchangeRatesAdapter$ListItem
bitcoin-wallet-7.07-prod,ExchangeRatesAdapter$OnClickListener,wallet.ui,class,bitcoin-wallet-7.07-prod:ExchangeRatesAdapter$OnClickListener
bitcoin-wallet-7.07-prod,ExchangeRatesAdapter$ViewHolder,wallet.ui,class,bitcoin-wallet-7.07-prod:ExchangeRatesAdapter$ViewHolder
bitcoin-wallet-7.07-prod,ExchangeRatesFragment,wallet.ui,class,bitcoin-wallet-7.07-prod:ExchangeRatesFragment
bitcoin-wallet-7.07-prod,ExchangeRatesViewModel,wallet.ui,class,bitcoin-wallet-7.07-prod:ExchangeRatesViewModel
bitcoin-wallet-7.07-prod,ExchangeRatesViewModel$ExchangeRatesLiveData,wallet.ui,class,bitcoin-wallet-7.07-prod:ExchangeRatesViewModel$ExchangeRatesLiveData
bitcoin-wallet-7.07-prod,FancyListFragment,wallet.ui,class,bitcoin-wallet-7.07-prod:FancyListFragment
bitcoin-wallet-7.07-prod,HelpDialogFragment,wallet.ui,class,bitcoin-wallet-7.07-prod:HelpDialogFragment
bitcoin-wallet-7.07-prod,InputParser,wallet.ui,class,bitcoin-wallet-7.07-prod:InputParser
bitcoin-wallet-7.07-prod,InputParser$BinaryInputParser,wallet.ui,class,bitcoin-wallet-7.07-prod:InputParser$BinaryInputParser
bitcoin-wallet-7.07-prod,InputParser$StreamInputParser,wallet.ui,class,bitcoin-wallet-7.07-prod:InputParser$StreamInputParser
bitcoin-wallet-7.07-prod,InputParser$StringInputParser,wallet.ui,class,bitcoin-wallet-7.07-prod:InputParser$StringInputParser
bitcoin-wallet-7.07-prod,MaybeMaintenanceFragment,wallet.ui,class,bitcoin-wallet-7.07-prod:MaybeMaintenanceFragment
bitcoin-wallet-7.07-prod,MaybeMaintenanceViewModel,wallet.ui,class,bitcoin-wallet-7.07-prod:MaybeMaintenanceViewModel
bitcoin-wallet-7.07-prod,MaybeMaintenanceViewModel$WalletMaintenanceRecommendedLiveData,wallet.ui,class,bitcoin-wallet-7.07-prod:MaybeMaintenanceViewModel$WalletMaintenanceRecommendedLiveData
bitcoin-wallet-7.07-prod,ProgressDialogFragment,wallet.ui,class,bitcoin-wallet-7.07-prod:ProgressDialogFragment
bitcoin-wallet-7.07-prod,ProgressDialogFragment$Observer,wallet.ui,class,bitcoin-wallet-7.07-prod:ProgressDialogFragment$Observer
bitcoin-wallet-7.07-prod,ReportIssueDialogBuilder,wallet.ui,class,bitcoin-wallet-7.07-prod:ReportIssueDialogBuilder
bitcoin-wallet-7.07-prod,ReportIssueDialogFragment,wallet.ui,class,bitcoin-wallet-7.07-prod:ReportIssueDialogFragment
bitcoin-wallet-7.07-prod,ReportIssueViewModel,wallet.ui,class,bitcoin-wallet-7.07-prod:ReportIssueViewModel
bitcoin-wallet-7.07-prod,RequestCoinsActivity,wallet.ui,class,bitcoin-wallet-7.07-prod:RequestCoinsActivity
bitcoin-wallet-7.07-prod,RequestCoinsActivityViewModel,wallet.ui,class,bitcoin-wallet-7.07-prod:RequestCoinsActivityViewModel
bitcoin-wallet-7.07-prod,RequestCoinsFragment,wallet.ui,class,bitcoin-wallet-7.07-prod:RequestCoinsFragment
bitcoin-wallet-7.07-prod,RequestCoinsViewModel,wallet.ui,class,bitcoin-wallet-7.07-prod:RequestCoinsViewModel
bitcoin-wallet-7.07-prod,RequestCoinsViewModel$FreshReceiveAddressLiveData,wallet.ui,class,bitcoin-wallet-7.07-prod:RequestCoinsViewModel$FreshReceiveAddressLiveData
bitcoin-wallet-7.07-prod,SendCoinsQrActivity,wallet.ui,class,bitcoin-wallet-7.07-prod:SendCoinsQrActivity
bitcoin-wallet-7.07-prod,SendingAddressesFragment,wallet.ui,class,bitcoin-wallet-7.07-prod:SendingAddressesFragment
bitcoin-wallet-7.07-prod,SendingAddressesViewModel,wallet.ui,class,bitcoin-wallet-7.07-prod:SendingAddressesViewModel
bitcoin-wallet-7.07-prod,SendingAddressesViewModel$AddressesToExcludeLiveData,wallet.ui,class,bitcoin-wallet-7.07-prod:SendingAddressesViewModel$AddressesToExcludeLiveData
bitcoin-wallet-7.07-prod,SendingAddressesViewModel$ClipLiveData,wallet.ui,class,bitcoin-wallet-7.07-prod:SendingAddressesViewModel$ClipLiveData
bitcoin-wallet-7.07-prod,ShowPasswordCheckListener,wallet.ui,class,bitcoin-wallet-7.07-prod:ShowPasswordCheckListener
bitcoin-wallet-7.07-prod,StickToTopLinearLayoutManager,wallet.ui,class,bitcoin-wallet-7.07-prod:StickToTopLinearLayoutManager
bitcoin-wallet-7.07-prod,TransactionsAdapter,wallet.ui,class,bitcoin-wallet-7.07-prod:TransactionsAdapter
bitcoin-wallet-7.07-prod,TransactionsAdapter$ChangeType,wallet.ui,class,bitcoin-wallet-7.07-prod:TransactionsAdapter$ChangeType
bitcoin-wallet-7.07-prod,TransactionsAdapter$ItemAnimator,wallet.ui,class,bitcoin-wallet-7.07-prod:TransactionsAdapter$ItemAnimator
bitcoin-wallet-7.07-prod,TransactionsAdapter$ListItem,wallet.ui,class,bitcoin-wallet-7.07-prod:TransactionsAdapter$ListItem
bitcoin-wallet-7.07-prod,TransactionsAdapter$OnClickListener,wallet.ui,class,bitcoin-wallet-7.07-prod:TransactionsAdapter$OnClickListener
bitcoin-wallet-7.07-prod,TransactionsAdapter$TransactionViewHolder,wallet.ui,class,bitcoin-wallet-7.07-prod:TransactionsAdapter$TransactionViewHolder
bitcoin-wallet-7.07-prod,TransactionsAdapter$WarningType,wallet.ui,class,bitcoin-wallet-7.07-prod:TransactionsAdapter$WarningType
bitcoin-wallet-7.07-prod,TransactionsAdapter$WarningViewHolder,wallet.ui,class,bitcoin-wallet-7.07-prod:TransactionsAdapter$WarningViewHolder
bitcoin-wallet-7.07-prod,WalletActionsFragment,wallet.ui,class,bitcoin-wallet-7.07-prod:WalletActionsFragment
bitcoin-wallet-7.07-prod,WalletActivity,wallet.ui,class,bitcoin-wallet-7.07-prod:WalletActivity
bitcoin-wallet-7.07-prod,WalletActivity$QuickReturnBehavior,wallet.ui,class,bitcoin-wallet-7.07-prod:WalletActivity$QuickReturnBehavior
bitcoin-wallet-7.07-prod,WalletActivityViewModel,wallet.ui,class,bitcoin-wallet-7.07-prod:WalletActivityViewModel
bitcoin-wallet-7.07-prod,WalletActivityViewModel$EnterAnimationState,wallet.ui,class,bitcoin-wallet-7.07-prod:WalletActivityViewModel$EnterAnimationState
bitcoin-wallet-7.07-prod,WalletActivityViewModel$WalletEncryptedLiveData,wallet.ui,class,bitcoin-wallet-7.07-prod:WalletActivityViewModel$WalletEncryptedLiveData
bitcoin-wallet-7.07-prod,WalletActivityViewModel$WalletLegacyFallbackLiveData,wallet.ui,class,bitcoin-wallet-7.07-prod:WalletActivityViewModel$WalletLegacyFallbackLiveData
bitcoin-wallet-7.07-prod,WalletAddressDialogFragment,wallet.ui,class,bitcoin-wallet-7.07-prod:WalletAddressDialogFragment
bitcoin-wallet-7.07-prod,WalletAddressFragment,wallet.ui,class,bitcoin-wallet-7.07-prod:WalletAddressFragment
bitcoin-wallet-7.07-prod,WalletAddressViewModel,wallet.ui,class,bitcoin-wallet-7.07-prod:WalletAddressViewModel
bitcoin-wallet-7.07-prod,WalletAddressViewModel$CurrentAddressLiveData,wallet.ui,class,bitcoin-wallet-7.07-prod:WalletAddressViewModel$CurrentAddressLiveData
bitcoin-wallet-7.07-prod,WalletAddressesAdapter,wallet.ui,class,bitcoin-wallet-7.07-prod:WalletAddressesAdapter
bitcoin-wallet-7.07-prod,WalletAddressesFragment,wallet.ui,class,bitcoin-wallet-7.07-prod:WalletAddressesFragment
bitcoin-wallet-7.07-prod,WalletAddressesViewModel,wallet.ui,class,bitcoin-wallet-7.07-prod:WalletAddressesViewModel
bitcoin-wallet-7.07-prod,WalletAddressesViewModel$ImportedAddressesLiveData,wallet.ui,class,bitcoin-wallet-7.07-prod:WalletAddressesViewModel$ImportedAddressesLiveData
bitcoin-wallet-7.07-prod,WalletAddressesViewModel$IssuedReceiveAddressesLiveData,wallet.ui,class,bitcoin-wallet-7.07-prod:WalletAddressesViewModel$IssuedReceiveAddressesLiveData
bitcoin-wallet-7.07-prod,WalletBalanceFragment,wallet.ui,class,bitcoin-wallet-7.07-prod:WalletBalanceFragment
bitcoin-wallet-7.07-prod,WalletBalanceViewModel,wallet.ui,class,bitcoin-wallet-7.07-prod:WalletBalanceViewModel
bitcoin-wallet-7.07-prod,WalletDisclaimerFragment,wallet.ui,class,bitcoin-wallet-7.07-prod:WalletDisclaimerFragment
bitcoin-wallet-7.07-prod,WalletDisclaimerViewModel,wallet.ui,class,bitcoin-wallet-7.07-prod:WalletDisclaimerViewModel
bitcoin-wallet-7.07-prod,WalletDisclaimerViewModel$DisclaimerEnabledLiveData,wallet.ui,class,bitcoin-wallet-7.07-prod:WalletDisclaimerViewModel$DisclaimerEnabledLiveData
bitcoin-wallet-7.07-prod,WalletTransactionsFragment,wallet.ui,class,bitcoin-wallet-7.07-prod:WalletTransactionsFragment
bitcoin-wallet-7.07-prod,WalletTransactionsViewModel,wallet.ui,class,bitcoin-wallet-7.07-prod:WalletTransactionsViewModel
bitcoin-wallet-7.07-prod,WalletTransactionsViewModel$Direction,wallet.ui,class,bitcoin-wallet-7.07-prod:WalletTransactionsViewModel$Direction
bitcoin-wallet-7.07-prod,WalletTransactionsViewModel$TransactionsConfidenceLiveData,wallet.ui,class,bitcoin-wallet-7.07-prod:WalletTransactionsViewModel$TransactionsConfidenceLiveData
bitcoin-wallet-7.07-prod,WalletTransactionsViewModel$TransactionsLiveData,wallet.ui,class,bitcoin-wallet-7.07-prod:WalletTransactionsViewModel$TransactionsLiveData
bitcoin-wallet-7.07-prod,BackupWalletActivity,wallet.ui.backup,class,bitcoin-wallet-7.07-prod:BackupWalletActivity
bitcoin-wallet-7.07-prod,BackupWalletDialogFragment,wallet.ui.backup,class,bitcoin-wallet-7.07-prod:BackupWalletDialogFragment
bitcoin-wallet-7.07-prod,BackupWalletDialogFragment$ErrorDialogFragment,wallet.ui.backup,class,bitcoin-wallet-7.07-prod:BackupWalletDialogFragment$ErrorDialogFragment
bitcoin-wallet-7.07-prod,BackupWalletDialogFragment$SuccessDialogFragment,wallet.ui.backup,class,bitcoin-wallet-7.07-prod:BackupWalletDialogFragment$SuccessDialogFragment
bitcoin-wallet-7.07-prod,BackupWalletViewModel,wallet.ui.backup,class,bitcoin-wallet-7.07-prod:BackupWalletViewModel
bitcoin-wallet-7.07-prod,FileAdapter,wallet.ui.backup,class,bitcoin-wallet-7.07-prod:FileAdapter
bitcoin-wallet-7.07-prod,ImportDialogButtonEnablerListener,wallet.ui.backup,class,bitcoin-wallet-7.07-prod:ImportDialogButtonEnablerListener
bitcoin-wallet-7.07-prod,RestoreWalletDialogFragment,wallet.ui.backup,class,bitcoin-wallet-7.07-prod:RestoreWalletDialogFragment
bitcoin-wallet-7.07-prod,RestoreWalletDialogFragment$FailureDialogFragment,wallet.ui.backup,class,bitcoin-wallet-7.07-prod:RestoreWalletDialogFragment$FailureDialogFragment
bitcoin-wallet-7.07-prod,RestoreWalletDialogFragment$PermissionDeniedDialogFragment,wallet.ui.backup,class,bitcoin-wallet-7.07-prod:RestoreWalletDialogFragment$PermissionDeniedDialogFragment
bitcoin-wallet-7.07-prod,RestoreWalletDialogFragment$SuccessDialogFragment,wallet.ui.backup,class,bitcoin-wallet-7.07-prod:RestoreWalletDialogFragment$SuccessDialogFragment
bitcoin-wallet-7.07-prod,RestoreWalletFromExternalActivity,wallet.ui.backup,class,bitcoin-wallet-7.07-prod:RestoreWalletFromExternalActivity
bitcoin-wallet-7.07-prod,RestoreWalletFromExternalDialogFragment,wallet.ui.backup,class,bitcoin-wallet-7.07-prod:RestoreWalletFromExternalDialogFragment
bitcoin-wallet-7.07-prod,RestoreWalletFromExternalDialogFragment$FailureDialogFragment,wallet.ui.backup,class,bitcoin-wallet-7.07-prod:RestoreWalletFromExternalDialogFragment$FailureDialogFragment
bitcoin-wallet-7.07-prod,RestoreWalletFromExternalDialogFragment$SuccessDialogFragment,wallet.ui.backup,class,bitcoin-wallet-7.07-prod:RestoreWalletFromExternalDialogFragment$SuccessDialogFragment
bitcoin-wallet-7.07-prod,RestoreWalletViewModel,wallet.ui.backup,class,bitcoin-wallet-7.07-prod:RestoreWalletViewModel
bitcoin-wallet-7.07-prod,BlockListAdapter,wallet.ui.monitor,class,bitcoin-wallet-7.07-prod:BlockListAdapter
bitcoin-wallet-7.07-prod,BlockListAdapter$ListItem,wallet.ui.monitor,class,bitcoin-wallet-7.07-prod:BlockListAdapter$ListItem
bitcoin-wallet-7.07-prod,BlockListAdapter$OnClickListener,wallet.ui.monitor,class,bitcoin-wallet-7.07-prod:BlockListAdapter$OnClickListener
bitcoin-wallet-7.07-prod,BlockListAdapter$ViewHolder,wallet.ui.monitor,class,bitcoin-wallet-7.07-prod:BlockListAdapter$ViewHolder
bitcoin-wallet-7.07-prod,BlockListFragment,wallet.ui.monitor,class,bitcoin-wallet-7.07-prod:BlockListFragment
bitcoin-wallet-7.07-prod,BlockListViewModel,wallet.ui.monitor,class,bitcoin-wallet-7.07-prod:BlockListViewModel
bitcoin-wallet-7.07-prod,BlockListViewModel$BlocksLiveData,wallet.ui.monitor,class,bitcoin-wallet-7.07-prod:BlockListViewModel$BlocksLiveData
bitcoin-wallet-7.07-prod,BlockListViewModel$TransactionsLiveData,wallet.ui.monitor,class,bitcoin-wallet-7.07-prod:BlockListViewModel$TransactionsLiveData
bitcoin-wallet-7.07-prod,NetworkMonitorActivity,wallet.ui.monitor,class,bitcoin-wallet-7.07-prod:NetworkMonitorActivity
bitcoin-wallet-7.07-prod,NetworkMonitorActivity$PagerAdapter,wallet.ui.monitor,class,bitcoin-wallet-7.07-prod:NetworkMonitorActivity$PagerAdapter
bitcoin-wallet-7.07-prod,PeerListAdapter,wallet.ui.monitor,class,bitcoin-wallet-7.07-prod:PeerListAdapter
bitcoin-wallet-7.07-prod,PeerListAdapter$ListItem,wallet.ui.monitor,class,bitcoin-wallet-7.07-prod:PeerListAdapter$ListItem
bitcoin-wallet-7.07-prod,PeerListAdapter$ViewHolder,wallet.ui.monitor,class,bitcoin-wallet-7.07-prod:PeerListAdapter$ViewHolder
bitcoin-wallet-7.07-prod,PeerListFragment,wallet.ui.monitor,class,bitcoin-wallet-7.07-prod:PeerListFragment
bitcoin-wallet-7.07-prod,PeerListViewModel,wallet.ui.monitor,class,bitcoin-wallet-7.07-prod:PeerListViewModel
bitcoin-wallet-7.07-prod,PeerListViewModel$HostnamesLiveData,wallet.ui.monitor,class,bitcoin-wallet-7.07-prod:PeerListViewModel$HostnamesLiveData
bitcoin-wallet-7.07-prod,PeerListViewModel$PeersLiveData,wallet.ui.monitor,class,bitcoin-wallet-7.07-prod:PeerListViewModel$PeersLiveData
bitcoin-wallet-7.07-prod,AboutFragment,wallet.ui.preference,class,bitcoin-wallet-7.07-prod:AboutFragment
bitcoin-wallet-7.07-prod,DiagnosticsFragment,wallet.ui.preference,class,bitcoin-wallet-7.07-prod:DiagnosticsFragment
bitcoin-wallet-7.07-prod,ExtendedPublicKeyFragment,wallet.ui.preference,class,bitcoin-wallet-7.07-prod:ExtendedPublicKeyFragment
bitcoin-wallet-7.07-prod,PreferenceActivity,wallet.ui.preference,class,bitcoin-wallet-7.07-prod:PreferenceActivity
bitcoin-wallet-7.07-prod,ResolveDnsTask,wallet.ui.preference,class,bitcoin-wallet-7.07-prod:ResolveDnsTask
bitcoin-wallet-7.07-prod,SettingsFragment,wallet.ui.preference,class,bitcoin-wallet-7.07-prod:SettingsFragment
bitcoin-wallet-7.07-prod,CameraManager,wallet.ui.scan,class,bitcoin-wallet-7.07-prod:CameraManager
bitcoin-wallet-7.07-prod,ScanActivity,wallet.ui.scan,class,bitcoin-wallet-7.07-prod:ScanActivity
bitcoin-wallet-7.07-prod,ScanActivity$AutoFocusRunnable,wallet.ui.scan,class,bitcoin-wallet-7.07-prod:ScanActivity$AutoFocusRunnable
bitcoin-wallet-7.07-prod,ScanActivity$WarnDialogFragment,wallet.ui.scan,class,bitcoin-wallet-7.07-prod:ScanActivity$WarnDialogFragment
bitcoin-wallet-7.07-prod,ScanViewModel,wallet.ui.scan,class,bitcoin-wallet-7.07-prod:ScanViewModel
bitcoin-wallet-7.07-prod,ScannerView,wallet.ui.scan,class,bitcoin-wallet-7.07-prod:ScannerView
bitcoin-wallet-7.07-prod,DecodePrivateKeyTask,wallet.ui.send,class,bitcoin-wallet-7.07-prod:DecodePrivateKeyTask
bitcoin-wallet-7.07-prod,DeriveKeyTask,wallet.ui.send,class,bitcoin-wallet-7.07-prod:DeriveKeyTask
bitcoin-wallet-7.07-prod,FeeCategory,wallet.ui.send,class,bitcoin-wallet-7.07-prod:FeeCategory
bitcoin-wallet-7.07-prod,MaintenanceDialogFragment,wallet.ui.send,class,bitcoin-wallet-7.07-prod:MaintenanceDialogFragment
bitcoin-wallet-7.07-prod,MaintenanceDialogFragment$State,wallet.ui.send,class,bitcoin-wallet-7.07-prod:MaintenanceDialogFragment$State
bitcoin-wallet-7.07-prod,RaiseFeeDialogFragment,wallet.ui.send,class,bitcoin-wallet-7.07-prod:RaiseFeeDialogFragment
bitcoin-wallet-7.07-prod,RaiseFeeDialogFragment$State,wallet.ui.send,class,bitcoin-wallet-7.07-prod:RaiseFeeDialogFragment$State
bitcoin-wallet-7.07-prod,RaiseFeeViewModel,wallet.ui.send,class,bitcoin-wallet-7.07-prod:RaiseFeeViewModel
bitcoin-wallet-7.07-prod,RequestPaymentRequestTask,wallet.ui.send,class,bitcoin-wallet-7.07-prod:RequestPaymentRequestTask
bitcoin-wallet-7.07-prod,RequestPaymentRequestTask$BluetoothRequestTask,wallet.ui.send,class,bitcoin-wallet-7.07-prod:RequestPaymentRequestTask$BluetoothRequestTask
bitcoin-wallet-7.07-prod,RequestPaymentRequestTask$HttpRequestTask,wallet.ui.send,class,bitcoin-wallet-7.07-prod:RequestPaymentRequestTask$HttpRequestTask
bitcoin-wallet-7.07-prod,RequestPaymentRequestTask$ResultCallback,wallet.ui.send,class,bitcoin-wallet-7.07-prod:RequestPaymentRequestTask$ResultCallback
bitcoin-wallet-7.07-prod,RequestWalletBalanceTask,wallet.ui.send,class,bitcoin-wallet-7.07-prod:RequestWalletBalanceTask
bitcoin-wallet-7.07-prod,RequestWalletBalanceTask$ElectrumServer,wallet.ui.send,class,bitcoin-wallet-7.07-prod:RequestWalletBalanceTask$ElectrumServer
bitcoin-wallet-7.07-prod,RequestWalletBalanceTask$JsonRpcRequest,wallet.ui.send,class,bitcoin-wallet-7.07-prod:RequestWalletBalanceTask$JsonRpcRequest
bitcoin-wallet-7.07-prod,RequestWalletBalanceTask$JsonRpcResponse,wallet.ui.send,class,bitcoin-wallet-7.07-prod:RequestWalletBalanceTask$JsonRpcResponse
bitcoin-wallet-7.07-prod,RequestWalletBalanceTask$ResultCallback,wallet.ui.send,class,bitcoin-wallet-7.07-prod:RequestWalletBalanceTask$ResultCallback
bitcoin-wallet-7.07-prod,SendCoinsActivity,wallet.ui.send,class,bitcoin-wallet-7.07-prod:SendCoinsActivity
bitcoin-wallet-7.07-prod,SendCoinsActivityViewModel,wallet.ui.send,class,bitcoin-wallet-7.07-prod:SendCoinsActivityViewModel
bitcoin-wallet-7.07-prod,SendCoinsFragment,wallet.ui.send,class,bitcoin-wallet-7.07-prod:SendCoinsFragment
bitcoin-wallet-7.07-prod,SendCoinsFragment$ReceivingAddressListener,wallet.ui.send,class,bitcoin-wallet-7.07-prod:SendCoinsFragment$ReceivingAddressListener
bitcoin-wallet-7.07-prod,SendCoinsFragment$ReceivingAddressViewAdapter,wallet.ui.send,class,bitcoin-wallet-7.07-prod:SendCoinsFragment$ReceivingAddressViewAdapter
bitcoin-wallet-7.07-prod,SendCoinsOfflineTask,wallet.ui.send,class,bitcoin-wallet-7.07-prod:SendCoinsOfflineTask
bitcoin-wallet-7.07-prod,SendCoinsViewModel,wallet.ui.send,class,bitcoin-wallet-7.07-prod:SendCoinsViewModel
bitcoin-wallet-7.07-prod,SendCoinsViewModel$State,wallet.ui.send,class,bitcoin-wallet-7.07-prod:SendCoinsViewModel$State
bitcoin-wallet-7.07-prod,SweepWalletActivity,wallet.ui.send,class,bitcoin-wallet-7.07-prod:SweepWalletActivity
bitcoin-wallet-7.07-prod,SweepWalletFragment,wallet.ui.send,class,bitcoin-wallet-7.07-prod:SweepWalletFragment
bitcoin-wallet-7.07-prod,SweepWalletFragment$FakeTransaction,wallet.ui.send,class,bitcoin-wallet-7.07-prod:SweepWalletFragment$FakeTransaction
bitcoin-wallet-7.07-prod,SweepWalletViewModel,wallet.ui.send,class,bitcoin-wallet-7.07-prod:SweepWalletViewModel
bitcoin-wallet-7.07-prod,SweepWalletViewModel$State,wallet.ui.send,class,bitcoin-wallet-7.07-prod:SweepWalletViewModel$State
bitcoin-wallet-7.07-prod,Base43,wallet.util,class,bitcoin-wallet-7.07-prod:Base43
bitcoin-wallet-7.07-prod,Bluetooth,wallet.util,class,bitcoin-wallet-7.07-prod:Bluetooth
bitcoin-wallet-7.07-prod,CheatSheet,wallet.util,class,bitcoin-wallet-7.07-prod:CheatSheet
bitcoin-wallet-7.07-prod,CrashReporter,wallet.util,class,bitcoin-wallet-7.07-prod:CrashReporter
bitcoin-wallet-7.07-prod,CrashReporter$ExceptionHandler,wallet.util,class,bitcoin-wallet-7.07-prod:CrashReporter$ExceptionHandler
bitcoin-wallet-7.07-prod,Crypto,wallet.util,class,bitcoin-wallet-7.07-prod:Crypto
bitcoin-wallet-7.07-prod,Formats,wallet.util,class,bitcoin-wallet-7.07-prod:Formats
bitcoin-wallet-7.07-prod,GenericUtils,wallet.util,class,bitcoin-wallet-7.07-prod:GenericUtils
bitcoin-wallet-7.07-prod,Installer,wallet.util,class,bitcoin-wallet-7.07-prod:Installer
bitcoin-wallet-7.07-prod,Iso8601Format,wallet.util,class,bitcoin-wallet-7.07-prod:Iso8601Format
bitcoin-wallet-7.07-prod,MonetarySpannable,wallet.util,class,bitcoin-wallet-7.07-prod:MonetarySpannable
bitcoin-wallet-7.07-prod,Nfc,wallet.util,class,bitcoin-wallet-7.07-prod:Nfc
bitcoin-wallet-7.07-prod,OnFirstPreDraw,wallet.util,class,bitcoin-wallet-7.07-prod:OnFirstPreDraw
bitcoin-wallet-7.07-prod,OnFirstPreDraw$Callback,wallet.util,class,bitcoin-wallet-7.07-prod:OnFirstPreDraw$Callback
bitcoin-wallet-7.07-prod,Qr,wallet.util,class,bitcoin-wallet-7.07-prod:Qr
bitcoin-wallet-7.07-prod,Toast,wallet.util,class,bitcoin-wallet-7.07-prod:Toast
bitcoin-wallet-7.07-prod,ViewPagerTabs,wallet.util,class,bitcoin-wallet-7.07-prod:ViewPagerTabs
bitcoin-wallet-7.07-prod,WalletUtils,wallet.util,class,bitcoin-wallet-7.07-prod:WalletUtils
bitcoin-wallet-7.07-prod,WalletUtils$MonospaceSpan,wallet.util,class,bitcoin-wallet-7.07-prod:WalletUtils$MonospaceSpan
bitcoin-wallet-7.07-prod,WholeStringBuilder,wallet.util,class,bitcoin-wallet-7.07-prod:WholeStringBuilder
